Aabha,Aabheer,Aabher,Aadarsh,Aadesh,Aadhishankar,Aadhunik,Aadi,Aadil,Aadinath,Aaditey,Aafreen,Aagney,Aahlaad,Aahlaadith,Aahwaanith,Aakanksh,Aakar,Aakash,Aalam,Aalap,Aaleyah,Aaliah,Aalisha,Aaliya,Aaliyah,Aalok,Aalyiah,Aamir,Aamod,Aandaleeb,Aaran,Aaron,Aarron,Aarti,Aaryn,Aashish,Abaco,Abagael,Abagail,Aban,Abasi,Abauro,Abbagail,Abbas,Abbey,Abbi,Abbie,Abbigail,Abbigale,Abbigayle,Abbott,Abbud,Abby,Abbygail,Abd-el-kader,Abda,Abdalongo,Abdecalas,Abdel,Abdelhalim,Abdelhameed,Abderico,Abdi,Abdiel,Abdirahman,Abdul,Abdulaziz,Abdulla,Abdullah,Abdullahi,Abdulmalik,Abdulraheem,Abdulrahman,Abe,Abed,Abeer,Abegail,Abel,Abelarda,Abercio,Abharan,Abheer,Abi,Abia,Abiah,Abibo,Abida,Abidan,Abie,Abiel,Abigael,Abigail,Abigale,Abigayle,Abimael,Abir,Abira,Abiram,Abisha,Abner,Abo,Abra,Abraam,Abraham,Abram,Abria,Absalom,Abubakar,Abygail,Acab,Acacia,Acacio,Acar,Acario,Acayo,Accas,Acesto,Acharya,Achilla,Achilles,Acindina,Acindino,Acquilina,Ada,Adael,Adah,Adair,Adalbaro,Adalberto,Adalgiso,Adaline,Adalrico,Adalvino,Adam,Adama,Adamson,Adan,Adanna,Adar,Adara,Addam,Addie,Addy,Adeel,Adel,Adela,Adelaida,Adelaide,Adelardo,Adele,Adelfo,Adelia,Adelina,Adeline,Adelino,Adell,Adella,Adelle,Adelmaro,Adelmira,Adelpha,Aden,Adena,Adham,Adhara,Adhelmar,Adia,Adiel,Adif,Adil,Adila,Adin,Adina,Adino,Adir,Adira,Aditi,Aditya,Adiv,Adlai,Adleigh,Adli,Admiel,Admon,Adnan,Ado,Adolfa,Adolfo,Adolph,Adon,Adonai,Adonis,Adra,Adri,Adria,Adriadna,Adrian,Adriana,Adriane,Adrianna,Adrianne,Adriel,Adrielle,Adrien,Adriene,Adrienne,Adya,Ae-cha,Aeneas,Aerial,Aeriel,Aerin,Aetios,Afework,Afi,Afina,Afiya,Afra,Afram,Afrodisio,Afrodite,Aftab,Afton,Aftonio,Afua,Agabio,Agacio,Agamemnon,Aganetha,Agapita,Agapito,Agar,Agata,Agatha,Agathe,Agatodoro,Agatopo,Agenor,Ageo,Agesislao,Aggie,Aglaia,Agnella,Agnes,Agni,Agnieszka,Agnus,Agripina,Agueda,Agur,Agustin,Agustina,Ahab,Aharon,Ahava,Ahir,Ahkeem,Ahlam,Ahliya,Ahmad,Ahmed,Ahsan,Ahuv,Aida,Aide,Aiesha,Aikaterine,Aiko,Aileen,Ailene,Ailya,Aimee,Aina,Aineias,Ainona,Airiel,Aisha,Aishia,Aitalas,Aja,Ajab,Ajah,Ajaya,Ajesh,Ajia,Ajidan,Ajiel,Ajiezer,Ajiram,Ajishar,Ajitov,Ajshalom,Akar,Akash,Akbar,Akeem,Akhil,Akia,Akiiki,Akiko,Akil,Akila,Akilah,Akilaha’a,Akili,Akilina,Akim,Akinsanya,Akintunde,Akinyemi,Akiva,Akmal,Akram,Ala,Ala'a,Alaa,Aladdin,Alaina,Alaine,Alam,Alan,Alana,Alane,Alanna,Alardo,Alatea,Alaya,Alayna,Alba,Albert,Alberta,Albertha,Albertina,Albertine,Alberto,Albina,Alcandor,Alceo,Alcibiades,Alcides,Alcina,Alda,Alden,Aldina,Aldine,Aldo,Alea,Aleah,Aleaha,Alease,Aleasha,Alec,Alecia,Aleck,Aleczander,Aleea,Aleecia,Aleela,Aleen,Aleesa,Aleesha,Aleeya,Aleeza,Aleia,Aleida,Aleigha,Aleisha,Aleixo,Alejandra,Alejandrina,Alejandro,Alejo,Alek,Aleksa,Aleksandar,Aleksander,Aleksandr,Aleksandra,Alekzander,Alem,Alena,Alene,Ales,Alesha,Aleshia,Alesia,Alessa,Alessandra,Alessia,Aleta,Aleth,Aletha,Alethea,Alethia,Alex,Alexa,Alexandar,Alexander,Alexanderia,Alexandr,Alexandra,Alexandrea,Alexandria,Alexandrine,Alexandro,Alexandros,Alexas,Alexcia,Alexe,Alexei,Alexes,Alexi,Alexia,Alexie,Alexios,Alexis,Alexiss,Alexius,Alexsa,Alexsander,Alexsandra,Alexsis,Alexus,Alexxis,Alexxus,Alexy,Alexys,Alexzander,Alexzandra,Alexzandria,Aleya,Aleyah,Aleyda,Alfa,Alferio,Alfio,Alfonso,Alfonzo,Alfred,Alfreda,Alfredia,Alfredo,Algiso,Ali,Alia,Aliah,Alic,Alica,Alice,Alicia,Alicio,Alida,Alie,Aliesha,Alijah,Alika,Alim,Alima,Alina,Aline,Alipio,Alisa,Alisander,Alise,Alisha,Alishia,Alisia,Alison,Alissa,Alita,Alix,Alixander,Alixandra,Alixandria,Aliya,Aliyah,Aliye,Aliz,Aliza,Alizabeth,Alize,Aljaily,Alla,Alladin,Allan,Alleen,Allegra,Allen,Allena,Allene,Allethea,Allexis,Allexus,Alley,Alli,Allia,Alliah,Allie,Alline,Allise,Allisha,Allison,Allissa,Alliyah,Ally,Allyn,Allysa,Allyson,Allyssa,Alma,Almagor,Almanzor,Almaquio,Almeda,Almeta,Almira,Almon,Alon,Alona,Alonso,Alonzo,Alphonse,Alphonso,Alquimio,Alta,Altagracia,Altair,Alterio,Altha,Althe,Althea,Alton,Alva,Alvaro,Alvera,Alverta,Alvin,Alvina,Aly,Alyah,Alyce,Alycia,Alyiah,Alymar,Alysa,Alyse,Alysha,Alysia,Alyson,Alyssa,Alysse,Alyssia,Alyx,Alyxandra,Alyxandria,Alyxis,Alzena,Ama,Amabel,Amada,Amado,Amairani,Amairany,Amal,Amalia,Amalio,Aman,Amanda,Amani,Amania,Amapola,Amar,Amara,Amaranto,Amare,Amari,Amarilia,Amarilla,Amarinda,Amarion,Amaris,Amaryllis,Amatista,Amazona,Amazu,Amber,Amberly,Ambrose,Ambrosia,Amee,Ameen,Ameena,Ameer,Ameera,Amelia,Amenhotep,Amenophis,Amenra,Amer,Amethyst,Amfiloquio,Amgad,Ami,Amia,Amiano,Amie,Amiee,Amiel,Amiezer,Amijai,Amin,Amina,Aminah,Amine,Amintor,Amior,Amir,Amira,Amirah,Amiram,Amishalom,Amishar,Amissa,Amit,Amita,Amitai,Amiya,Amiyah,Amlika,Amma,Ammar,Ammie,Ammon,Amnas,Amol,Amon,Amos,Amparo,Ampelio,Ampelos,Ampodio,Amr,Amram,Amsi,Amsu,Amunet,Amy,Ana,Anabel,Anacario,Anacleta,Anacleto,Anahi,Anahit,Anahita,Anahy,Anais,Anala,Anali,Analisa,Anamaria,Anan,Anand,Ananda,Anani,Anantas,Anas,Anass,Anastacia,Anastario,Anastasia,Anastasios,Anastasius,Anastazia,Anat,Anatola,Anatole,Andera,Andere,Anderson,Andoni,Andonios,Andoquino,Andra,Andre,Andrea,Andreana,Andreane,Andreanna,Andreanne,Andreas,Andree,Andree ann,Andree anne,Andreia,Andreina,Andreo,Andres,Andrew,Andreya,Andria,Andriana,Andrianna,Androcles,Andromaca,Andromana,Andromeda,Andronica,Andru,Andrue,Andy,Anecto,Aneesa,Aneesha,Anemona,Anesha,Aneshia,Anesia,Anesio,Anessa,Anette,Anfernee,Anfitrita,Angel,Angela,Angele,Angelea,Angelena,Angeles,Angelia,Angelic,Angelica,Angelie,Angelika,Angelina,Angeline,Angelique,Angelita,Angell,Angella,Angelle,Angellica,Angelo,Angelyn,Angie,Angila,Angla,Angle,Anglea,Anh,Aniano,Anibal,Anicet,Anika,Anil,Anila,Anippe,Anisa,Anisah,Anish,Anisha,Anisia,Anisio,Anissa,Anita,Anitra,Anja,Anjali,Anjanette,Anjela,Anjelica,Ann,Anna,Annabel,Annabell,Annabelle,Annalee,Annalisa,Annamae,Annamaria,Annamarie,Annan,Annas,Annastasia,Anne,Anneliese,Annelle,Annemarie,Annessa,Annett,Annetta,Annette,Annice,Annie,Annika,Annina,Annis,Annisa,Annissa,Annita,Annmarie,Anpu,Antania,Antares,Antea,Antenor,Anteros,Anthany,Anthea,Anthoney,Anthonie,Anthony,Antidio,Antifona,Antigona,Antimo,Antioco,Antione,Antionette,Antipas,Antoine,Antoinette,Anton,Antone,Antonetta,Antonette,Antonia,Antonietta,Antonina,Antonio,Antony,Antwain,Antwan,Antwane,Antwaun,Antwoine,Antwon,Antwone,Anubis,Anum,Anwar,Anxo,Anya,Apeles,Apelio,Aperio,Apfiano,Apfias,Aphra,Aphrodite,Apodemio,Apolinar,Apoline,Apollo,Apolodoro,Apolonia,Appollonia,Apro,Apronio,Apryl,Aquiline,Aquilla,Ara,Araceli,Aracelis,Aracely,Arafat,Aram,Aran,Araya,Arbel,Arbogasta,Arcadia,Arcangela,Arcelia,Archa,Archie,Arconcio,Ardath,Ardelia,Ardell,Ardella,Ardelle,Arden,Ardi,Ardice,Ardis,Ardith,Ardon,Arella,Aren,Aretas,Aretha,Aretino,Aretusa,Argar,Argelia,Argenis,Argentina,Argimiro,Ari,Aria,Ariadna,Ariadne,Ariah,Arial,Arian,Ariana,Ariane,Arianna,Arianne,Ariano,Arica,Arie,Arieanna,Ariel,Ariela,Ariella,Arielle,Aries,Arif,Arin,Arion,Ariona,Arionna,Arissa,Arista,Aristarco,Aristeo,Aristides,Aristofanes,Aristotle,Arjun,Arla,Arlean,Arleen,Arlen,Arlena,Arlene,Arletha,Arletta,Arlette,Arlie,Arlinda,Arline,Arlyne,Armaan,Arman,Armand,Armanda,Armandina,Armando,Armani,Armelio,Armen,Armentario,Armida,Armide,Armin,Arminda,Armon,Arnetta,Arnette,Arnina,Arnita,Arnold,Arnoldo,Arnon,Arnulfo,Aron,Arquelao,Arquimedes,Arquipo,Arran,Arriana,Arron,Arsenio,Art,Artemia,Artemis,Artemus,Artha,Arthur,Arti,Artie,Arturo,Artzi,Arun,Arvilla,Arvind,Arya,Aryan,Aryeh,Aryel,Aryelle,Aryn,Aryssa,Asa,Asad,Asadel,Asaf,Asante,Ash,Asha,Ashante,Ashanti,Ashely,Asher,Ashia,Ashira,Ashlea,Ashlee,Ashleigh,Ashley,Ashli,Ashlie,Ashly,Ashlyn,Ashon,Ashonti,Ashraf,Ashton,Ashur,Ashwani,Ashwin,Ashya,Asia,Asiah,Asiel,Asif,Asiya,Asker,Asley,Asma,Aspacia,Aspacio,Aspasia,Aspasio,Asser,Assunta,Astarte,Aster,Asterio,Astley,Astolfo,Astra,Astrid,Asuncion,Aswad,Asya,Atala,Atalanta,Atalas,Ataleno,Atalia,Atalo,Atanasio,Atansasio,Atara,Atenea,Atenodoro,Athalia,Athan,Athanasia,Athanasios,Athena,Athina,Atica,Atif,Atira,Atiya,Atlanta,Atlas,Atocha,Atsu,Atur,Atzel,Aubrey,Audie,Audomaro,Audra,Audrea,Audrey,Audria,Audrie,Audry,Augusta,Augustina,Augustine,Augustus,Aundre,Aundrea,Aura,Aurea,Aurelia,Aurelio,Auriel,Aurora,Aurore,Auset,Austin,Auxano,Auxencio,Auxibio,Ava,Avdel,Avel,Avelina,Avery,Avi,Aviezri,Avimael,Avimelej,Aviramv,Aviraz,Avis,Avishajar,Avitzedek,Aviv,Aviva,Avneet,Avner,Avraham,Avram,Avril,Avshalom,Awad,Awadi,Awilda,Aya,Ayah,Ayako,Ayan,Ayana,Ayanna,Ayden,Aydin,Ayesha,Ayla,Ayman,Aymil,Aysha,Aysia,Ayub,Aza,Azad,Azadanes,Azades,Azael,Azahar,Azalea,Azalee,Azare,Azaria,Azarias,Azariel,Azas,Azazael,Azazel,Azeca,Azeem,Azhar,Azi,Azia,Azikiwe,Azim,Aziza,Azizi,Azriel,Azucena,Azul,Azura,Azure,Azuriah,Azzie,Baba,Babara,Babatunde,Babesne,Babette,Babtist,Babu,Baco,Badal,Badia,Badiun,Badiuddin,Badri,Badrinath,Badriprasad,Badru,Bahati,Bahir,Bahiti,Bahram,Bahubali,Bahuleya,Bailey,Bajrang,Baka,Bakari,Bakula,Balaaditya,Balachandra,Balagopal,Balagoving,Balaji,Balakrishna,Balamani,Balamohan,Balaraj,Balaram,Balbir,Baldev,Balgopal,Balin,Balraj,Baltazar,Balthasar,Balvinder,Balvindra,Balwant,Bambi,Ban,Banbihari,Bandhu,Bandhul,Bao,Bao-yu,Bara,Barabara,Barak,Baram,Barb,Barbada,Barbar,Barbara,Barbera,Barbie,Barbra,Bari,Barika,Baris,Barnabas,Barney,Barra,Barrett,Barrie,Barry,Bart,Bartholomew,Barton,Baruc,baruj,Baruch,Baruti,Basam,Basemat,Basia,Basil,Basilia,Basir,Basistha,Bastet,Basudha,Bathsheba,Batini,Batoul,Bautista,Bayan,Bea,Beata,Beatrice,Beatris,Beatriz,Beau,Beaulah,Bebe,Becca,Becka,Becki,Beckie,Becky,Bedir,Bee,Bekele,Bel,Belal,Belen,Belia,Belinda,Belisaria,Belisario,Belkis,Bell,Bella,Belle,Bello,Belva,Ben,Ben zion,Benedict,Beniam,Benincasa,Benita,Benito,Benjamen,Benjamin,Benjiman,Benjy,Bennett,Bennie,Bennu,Benny,Beno,Benoni,Benson,Benton,Benzi,Berenice,Berenise,Berhanu,Berk,Bermo,Berna,Bernabela,Bernabella,Bernadette,Bernadine,Bernard,Bernarda,Bernardina,Bernardine,Bernardo,Berneice,Bernetta,Bernice,Bernie,Berniece,Bernita,Berry,Bert,Berta,Bertha,Bertie,Bertram,Beryl,Besa,Bess,Bessie,Bestabe,Betania,Betel,Beth,Bethanie,Bethann,Bethany,Bethel,Betsey,Betsy,Bette,Bettie,Bettina,Betty,Bettyann,Bettye,Betue,Betul,Betula,Betulia,Beula,Beulah,Bev,Beverlee,Beverley,Beverly,Bhadriprasad,Bhagwandas,Bianca,Bibi,Bihan,Bijan,Bilal,Bill,Billi,Billie,Billy,Billye,Bina,Binkentios,Birdie,Birgit,Bishop,Blaine,Blair,Blake,Blanca,Blanch,Blanche,Blondell,Blossom,Blythe,Boacha,Boaz,Bob,Bobbi,Bobbie,Bobby,Bobbye,Bobette,Boecio,Bogart,Bok,Bomani,Bon-hwa,Bong,Bong-cha,Bonita,Bonnie,Bonny,Booker,Borak,Boreas,Boris,Boulus,Boutros,Boyce,Boyd,Brad,Bradford,Bradley,Bradly,Brady,Braham,Brain,Bram,Branda,Brande,Brandee,Branden,Brandi,Brandie,Brandon,Brandy,Brant,Breana,Breann,Breanna,Breanne,Bree,Brenda,Brendan,Brendon,Brenna,Brent,Brenton,Bret,Brett,Brian,Briana,Brianna,Brianne,Brice,Bridget,Bridgett,Bridgette,Brigette,Brigid,Brigida,Brigitte,Brinda,Brisa,Brisia,Britany,Britney,Britni,Britt,Britta,Brittaney,Brittani,Brittanie,Brittany,Britteny,Brittney,Brittni,Brittny,Briza,Brock,Broderick,Bronte,Bronwyn,Brook,Brooke,Brooks,Bruce,Bruna,Brunilda,Bruno,Bryan,Bryanna,Bryant,Bryce,Brynn,Bryon,Bubba,Buck,Bucolo,Bud,Buddy,Buena,Buffy,Buford,Bula,Bulah,Bunny,Burl,Burma,Burt,Burton,Bushra,Buster,Butrus,Buz,Bwana,Byron,Cadmus,Caela,Cahil,Cai,Caila,Cain,Caine,Caitlin,Caitlyn,Cala,Calandra,Calantha,Cale,Caleb,Calefagia,Calepodio,Cali,Calib,Calie,Calimaco,Calimerino,Calimerio,Calimero,Calinda,Calinica,Calinico,Caliope,Calirroe,Calista,Calistena,Calistenes,Calistenia,Calisto,Calistrato,Calistro,Calixta,Calixto,Calixtrato,Calla,Calli,Callidora,Callie,Calliope,Callista,Cally,Calogero,Calvin,Calyca,Calypso,Camara,Camelia,Camellia,Cameron,Cami,Camie,Camila,Camilla,Camille,Cammie,Cammy,Canda,Candace,Candance,Candelaria,Candi,Candice,Candida,Candie,Candis,Candra,Candy,Candyce,Canita,Cantara,Caprice,Cara,Caralampia,Caralampio,Caralipo,Caren,Carey,Cari,Caridad,Carie,Carilao,Carim,Carin,Carina,Carino,Carisa,Carisma,Carissa,Carita,Carl,Carla,Carlee,Carleen,Carlena,Carlene,Carletta,Carley,Carli,Carlie,Carline,Carlita,Carlo,Carlos,Carlota,Carlotta,Carlton,Carly,Carlyn,Carma,Carman,Carmel,Carmela,Carmelia,Carmelina,Carmelit,Carmelita,Carmella,Carmelo,Carmen,Carmina,Carmine,Carmon,Carnelius,Carniela,Carol,Carola,Carolann,Carole,Carolee,Carolin,Carolina,Caroline,Caroll,Carolyn,Carolyne,Carolynn,Caron,Caroyln,Carpo,Carpofora,Carponio,Carri,Carrie,Carrisa,Carrissa,Carrol,Carroll,Carry,Carson,Carsten,Carter,Carterio,Cary,Caryl,Carylon,Caryn,Casandra,Casandro,Casey,Casie,Casilda,Casildo,Casimira,Casiodoro,Casper,Cass,Cassandra,Cassandre,Cassaundra,Cassey,Cassi,Cassia,Cassidy,Cassie,Cassiopeia,Cassondra,Cassy,Casta,Castalia,Casto,Castor,Castula,Cataldo,Catalina,Catarina,Caterina,Catharine,Catherin,Catherina,Catherine,Cathern,Catheryn,Cathey,Cathi,Cathie,Cathleen,Cathrine,Cathryn,Cathy,Catina,Catrice,Catriel,Catrina,Cayce,Cayla,Caylah,Cecelia,Cecil,Cecila,Cecile,Cecilia,Cecille,Cecily,Cedric,Cedrick,Cefas,Ceferino,Celandine,Celena,Celene,Celesta,Celeste,Celestina,Celestine,Celia,Celidonia,Celina,Celinda,Celine,Celmira,Celosia,Celsa,Cemal,Cenobia,Centola,Ceola,Cepos,Cerano,Cercira,Cesar,Ceslao,Cha,Chabela,Chad,Chadwick,Chae,Chafulumisa,Chahna,Chai,Chaim,Chaitanya,Chakir,Chakor,Chakrapani,Chakshu,Chaman,Chamanlal,Champak,Chan,Chana,Chanan,Chance,Chanchal,Chanda,Chandak,Chandani,Chander,Chandi,Chandra,Chandrabhan,Chandrachur,Chandrak,Chandrakanta,Chandrakumar,Chandramohan,Chandran,Chandranath,Chandraraj,Chandrashekhar,Chandrashore,Chandresh,Chane,Chanel,Chanell,Chanelle,Chang,Channa,Chantal,Chantay,Chante,Chantel,Chantell,Chantelle,Chapal,Chara,Charan,Charanjeet,Charanjit,Charanjiv,Charice,Charis,Charise,Charisma,Charissa,Charisse,Charita,Charity,Charla,Charleen,Charlena,Charlene,Charles,Charlesetta,Charlette,Charley,Charlie,Charline,Charlott,Charlotte,Charlsie,Charlyn,Charmain,Charmaine,Charolette,Chas,Chase,Chasidy,Chasity,Chassidy,Chastity,Chatha,Chatuluka,Chaturbhuj,Chau,Chauncey,Chausiku,Chava,Chavon,Chavonne,Chaya,Cheikh,Chelsea,Chelsey,Chelsie,Chemarin,Chenzira,Chepa,Cher,Chere,Cheree,Cherelle,Cherese,Cheri,Cherie,Cherilyn,Cherise,Cherish,Cherly,Cherlyn,Cherri,Cherrie,Cherry,Cherryl,Chery,Cheryl,Cheryle,Cheryll,Chester,Chet,Chetan,Chetana,Cheyenne,Chhandak,Chi,Chia,Chidambar,Chidananda,Chieko,Chiku,Chila,Chin,Chin-hae,Chin-hwa,Chin-sun,China,Ching,Chinira,Chinmay,Chinmayananda,Chintamani,Chione,Chiquita,Chirag,Chiram,Chiranjeev,Chirantan,Chirayu,Chisisi,Chitrabhanu,Chitraksh,Chitral,Chitrarath,Chitrasen,Chitta,Chittaranjan,Chittaswarup,Chittesh,Chloe,Chloris,Chlorissa,Chong,Choon-hee,Chriki,Chris,Chrissa,Chrissanth,Chrissy,Christa,Christain,Christal,Christan,Christapher,Christeen,Christel,Christen,Christena,Christene,Christi,Christia,Christian,Christiana,Christiane,Christianna,Christianne,Christie,Christien,Christin,Christina,Christine,Christinia,Christofer,Christoffer,Christoper,Christopher,Christophoros,Christos,Christy,Christyn,Chrysander,Chrystal,Chu,Chu-hua,Chucho,Chuck,Chui,Chuki,Chul-moo,Chuma,Chun,Chung,Chung-ae,Chung-cha,Chung-hee,Chung-ho,Ciara,Cibeles,Cicely,Ciera,Cierra,Cinda,Cindeo,Cinderella,Cindi,Cindie,Cindy,Cinnamon,Cinthia,Cinthya,Cintia,Cipriano,Cira,Circe,Cireneo,Cirenia,Ciri,Ciro,Clair,Claire,Clara,Clare,Clarence,Claretha,Claretta,Claribel,Clarice,Clarinda,Clarine,Claris,Clarisa,Clarissa,Clarita,Clark,Classie,Claud,Claude,Claudette,Claudia,Claudie,Claudine,Claudio,Clay,Clayton,Clelia,Clemencia,Clement,Clemente,Clementina,Clementine,Clemira,Clemmie,Cleo,Cleopatra,Cleora,Cleotilde,Cleta,Cletus,Cleveland,Cliff,Clifford,Clifton,Clint,Clinton,Clora,Clorinda,Clotilde,Clyde,Cobi,Coby,Codi,Cody,Cointa,Colby,Cole,Coleen,Coleman,Colene,Coletta,Colette,Colin,Colleen,Collen,Collene,Collette,Collin,Colton,Columbus,Coman,Concepcion,Conception,Concetta,Concha,Conchita,Cong,Connie,Conrad,Constance,Consuela,Consuelo,Contessa,Cora,Coral,Coralee,Coralie,Corazon,Cordelia,Cordell,Cordia,Cordie,Coreen,Corene,Coretta,Corey,Cori,Corie,Corina,Corine,Corinna,Corinne,Corliss,Cornelia,Cornelius,Cornell,Corrie,Corrin,Corrina,Corrine,Corrinne,Cortez,Cortney,Cory,Courtney,Coy,Craig,Creola,Cris,Criselda,Crissy,Crista,Cristal,Cristen,Cristi,Cristie,Cristin,Cristina,Cristine,Cristobal,Cristopher,Cristy,Cruz,Crysta,Crystal,Crystle,Cuc,Curt,Curtis,Cyndi,Cyndy,Cynthia,Cyril,Cyrstal,Cyrus,Cythia,Da-xia,Dabeet,Dabir,Dacia,Dae-ho,Dagan,Dagmar,Dagny,Dahlia,Daina,Daine,Daisey,Daisy,Dakota,Daksh,Dale,Dalene,Dalia,Daliah,Dalila,Dalili,Dallas,Dalton,Damaris,Damian,Damien,Damion,Damira,Damodar,Damon,Dan,Dana,Danae,Dandin,Dane,Daneil,Danelle,Danette,Dani,Dania,Daniachew,Danial,Danica,Daniel,Daniela,Daniele,Daniell,Daniella,Danielle,Danika,Danille,Danilo,Daniqua,Danit,Danita,Dann,Danna,Dannah,Dannette,Danni,Dannica,Dannie,Dannielle,Danno,Danny,Dante,Danuta,Dany,Danya,Danyel,Danyell,Danyelle,Dao-ming,Daoud,Daphine,Daphne,Dar,Dara,Darah,Darby,Darcel,Darcey,Darci,Darcie,Darcy,Dareh,Darell,Daren,Daria,Darice,Darin,Dario,Darius,Darla,Darleen,Darlena,Darlene,Darline,Darnell,Daron,Darpan,Darrah,Darrel,Darrell,Darren,Darrick,Darrin,Darron,Darryl,Daru,Darwin,Darwishi,Daryl,Dasharath,Dasharathi,Dashiki,Dauid,Dave,Daven,Davey,David,Davida,Davidia,Davina,Davis,Davy,Dawit,Dawn,Dawna,Dawne,Dayle,Dayna,Daysi,Deadra,Dean,Deana,Deandra,Deandre,Deandrea,Deane,Deangelo,Deann,Deanna,Deanne,Deb,Debashis,Debbi,Debbie,Debbra,Debby,Debera,Debi,Debora,Deborah,Debra,Debrah,Debroah,Dede,Dedra,Dee,Deeann,Deeanna,Deedee,Deedra,Deena,Deenabandhu,Deep,Deepak,Deepan,Deepankar,Deependu,Deepesh,Deepit,Deeptanshu,Deeptendu,Deeptiman,Deeptimoy,Deetta,Deidra,Deidre,Deirdre,Deja,Dekel,Del,Delaine,Delana,Delbert,Delcie,Delena,Delfina,Delia,Delicia,Delila,Delilah,Delinda,Delisa,Dell,Della,Delma,Delmar,Delmer,Delmy,Delois,Deloise,Delora,Deloras,Delores,Deloris,Delorse,Delpha,Delphia,Delphine,Delsie,Demarcus,Demetra,Demetria,Demetrice,Demetrius,Demissie,Dena,Denae,Deneen,Denese,Denice,Denis,Denise,Denisha,Denisse,Denita,Denna,Dennis,Dennise,Denny,Denver,Denyse,Deon,Deonna,Derek,Derick,Derifa,Dermot,Deron,Deror,Derrick,Deshawn,Deshi,Desirae,Desire,Desiree,Desmond,Despina,Dessie,Desta,Destiny,Detra,Deva,Devabrata,Devadas,Devajyoti,Devak,Devdutta,Deven,Devendra,Devesh,Deveshwar,Devi,Devin,Devon,Devona,Devora,Devorah,Dewayne,Dewey,Dewitt,Dexter,Dhara,Dia,Diamond,Dian,Diana,Diane,Diann,Dianna,Dianne,Dick,Didi,Diedra,Diedre,Diego,Dierdre,Digna,Diji,Dillon,Dimple,Dina,Dinah,Dinka,Dino,Dinora,Dinorah,Dion,Dione,Dionna,Dionne,Dipak,Dirk,Divina,Dixie,Diya,Diza,Dodie,Dofi,Dollie,Dolly,Dolores,Doloris,Domenic,Domenica,Dominga,Domingo,Dominic,Dominica,Dominick,Dominique,Dominque,Domitila,Domonique,Don,Dona,Donald,Donella,Donetta,Donette,Dong,Dong-sun,Dong-yul,Donita,Donn,Donna,Donnell,Donnetta,Donnette,Donnie,Donny,Donovan,Donte,Donya,Dor,Dora,Doran,Dorathy,Dorcas,Doreatha,Doreen,Dorene,Doretha,Dorethea,Doretta,Dori,Doria,Dorian,Dorie,Dorinda,Dorine,Doris,Dorla,Dorotha,Dorothea,Dorothy,Dorris,Dorrit,Dorsey,Dortha,Dorthea,Dorthey,Dorthy,Dot,Dotan,Doto,Dottie,Dotty,Doug,Douglas,Douglass,Dov,Dovev,Dovid,Dovie,Doyle,Dreama,Drema,Drew,Drucilla,Drusilla,Duane,Duck-hwan,Duck-young,Dudley,Dulce,Dulcie,Dumaka,Duman,Duncan,Dung,Dunia,Dur,Duron,Dusti,Dustin,Dusty,Dwain,Dwana,Dwayne,Dwight,Dyan,Dylan,Earl,Earle,Earlean,Earleen,Earlene,Earlie,Earline,Earnest,Earnestine,Eartha,Easter,Eben,Ebenezer,Ebon,Eboni,Ebonie,Ebony,Echidna,Eda,Edda,Eddie,Eddy,Edelmira,Eden,Eder,Edgar,Edgardo,Edian,Edie,Edin,Edison,Edith,Edmond,Edmund,Edmundo,Edna,Edra,Edris,Eduardo,Edward,Edwardo,Edwin,Edwina,Edyth,Edythe,Effie,Effiom,Efrain,Efrat,Efrata,Efrem,Efren,Efrona,Ehtel,Eileen,Eilene,Eitan,Ekalavya,Ekambar,Ekanath,Ekon,Ekram,Ela,Eladia,Elaina,Elaine,Elam,Elan,Elana,Elane,Elanor,Elayne,Elazar,Elba,Elbert,Elchanan,Elda,Elden,Eldon,Eldora,Eldridge,Eleanor,Eleanora,Eleanore,Elease,Eleazar,Eleazaro,Elena,Elene,Eleni,Elenor,Elenora,Elenore,Eleonor,Eleonora,Eleonore,Eleora,Elesha,Elfreda,Elfrieda,Elfriede,Eli,Elia,Eliahu,Eliana,Eliane,Elianne,Elias,Eliazar,Elicia,Elida,Elidia,Elie,Eliecer,Eliezer,Elifelet,Elihu,Elijah,Elimu,Elin,Elina,Elinor,Elinore,Elisa,Elisabet,Elisabeth,Elise,Elisea,Elisenda,Eliseo,Elisha,Elisheva,Elisia,Elissa,Eliyahu,Eliz,Eliza,Elizabet,Elizabeth,Elizbeth,Elizebeth,Elkan,Elke,Ella,Ellamae,Ellan,Ellen,Ellena,Elli,Elliana,Ellie,Elliot,Elliott,Ellis,Ellsworth,Elly,Ellyn,Elma,Elmer,Elmira,Elmo,Elna,Elnora,Elodia,Eloi,Elois,Eloisa,Eloise,Elouise,Eloy,Elrad,Elroy,Elsa,Else,Elsie,Elsy,Elton,Elva,Elvera,Elvia,Elvie,Elvin,Elvina,Elvira,Elvis,Elwanda,Elwood,Ely,Elycia,Elyse,Elysha,Elza,Elzeario,Ema,Eman,Emani,Emanuel,Emanuelle,Emelda,Emelia,Emelina,Emeline,Emely,Emerald,Emerita,Emerson,Emery,Emiko,Emil,Emile,Emilee,Emilia,Emilie,Emilio,Emily,Emir,Emma,Emmaline,Emmanuel,Emmanuelle,Emmett,Emmie,Emmitt,Emmy,Emogene,Emory,Emre,Ena,Enda,Endora,Enedina,Eneida,Enid,Enmanuel,Enoc,Enoch,Enola,Enos,Enosh,Enrique,Enriqueta,Enver,Enye,Enzi,Ephraim,Epifania,Era,Erasmo,Erasto,Erela,Eric,Erica,Erich,Erick,Ericka,Erik,Erika,Erin,Erinn,Erlene,Erlinda,Erline,Erma,Ermelinda,Erminia,Erna,Ernest,Ernestina,Ernestine,Ernesto,Ernie,Erol,Errol,Ervin,Erwin,Eryn,Esau,Esdras,Esequiel,Eshe,Eshkol,Eshwar,Esleban,Esmeralda,Esperanza,Essie,Essien,Esta,Esteban,Estefana,Estela,Estell,Estella,Estelle,Ester,Esther,Estrella,Etha,Ethan,Ethana,Ethel,Ethelene,Ethelyn,Ethen,Ethyl,Etilka,Etsuko,Etta,Ettie,Eufemia,Eugena,Eugene,Eugenia,Eugenie,Eugenio,Eula,Eulah,Eulalia,Eun,Eun-kyung,Euna,Eunice,Eura,Eusebia,Eusebio,Eustolia,Eva,Evalyn,Evan,Evangelina,Evangeline,Eve,Evelia,Evelin,Evelina,Eveline,Evelio,Evelyn,Evelyne,Evelynn,Everett,Everette,Evette,Evia,Evie,Evita,Evon,Evonne,Ewa,Exequiel,Exie,Ezekiel,Ezequias,Ezequiel,Ezer,Ezra,Ezrela,Ezri,Fabian,Fabiola,Fadi,Fadil,Fadila,Fae,Fairy,Faisal,Faith,Faiza,Faizah,Fakhir,Fakih,Falak,Falguni,Fallon,Fang,Fang-hua,Fanibhusan,Fanindra,Fanish,Fanishwar,Fannie,Fanny,Fanuel,Farah,Faraji,Faraz,Fares,Farhad,Farhat,Faria,Farid,Farida,Fariha,Faris,Farokh,Farrah,Farug,Farukh,Fateh,Fatema,Fath,Fatik,Fatim,Fatima,Fatimah,Fatin,Fatma,Fatme,Faustina,Faustino,Fausto,Faviola,Fawn,Fay,Faye,Fayola,Fayruz,Federico,Felecia,Felica,Felice,Felicia,Felicidad,Felicita,Felicitas,Felipa,Felipe,Felisa,Felisha,Felix,Felton,Femi,Feng,Fenuku,Fenyang,Ferdinand,Fermin,Fermina,Fern,Fernanda,Fernande,Fernando,Ferne,Feroz,Ferran,Fidel,Fidela,Fidelia,Filiberto,Filomena,Fiona,Firas,Firdaus,Flavia,Fleta,Fletcher,Flo,Flor,Flora,Florance,Florence,Florencia,Florencio,Florene,Florentina,Florentino,Floretta,Floria,Florinda,Florine,Florrie,Flossie,Floy,Floyd,Fonda,Forest,Forrest,Foster,Fran,France,Francene,Frances,Francesca,Francesco,Franchesca,Francie,Francina,Francine,Francis,Francisca,Francisco,Francoise,Frank,Frankie,Franklin,Franklyn,Fransisca,Fred,Freda,Fredda,Freddie,Freddy,Frederic,Frederica,Frederick,Fredericka,Fredia,Fredric,Fredrick,Fredricka,Freeda,Freeman,Freida,Frida,Frieda,Fritz,Fujo,Fukayna,Fumiko,Funsani,Gabe,Gabrial,Gabriel,Gabriela,Gabriele,Gabriella,Gabrielle,Gabryel,Gada,Gadi,Gahiji,Gail,Gajanand,Gajendra,Gala,Gale,Galen,Gali,Galilah,Galilea,Galileo,Galina,Gamal,Gamaliel,Gamila,Gan,Ganapati,Gandharva,Gandhik,Ganesa,Ganesh,Gangesh,Gangeya,Gangol,Ganya,Garai,Garfield,Garland,Garnet,Garnett,Garret,Garrett,Garry,Garth,Gary,Gasparina,Gaston,Gaurinath,Gavin,Gavriel,Gavriella,Gay,Gaye,Gayla,Gayle,Gaylene,Gaylord,Gaynell,Gaynelle,Gearldine,Geb,Geela,Geet,Gema,Gemma,Gena,Genaro,Gene,Genesis,Geneva,Genevie,Genevieve,Genevive,Genia,Genie,Genna,Gennie,Genny,Genoveva,Geoffrey,Georgann,George,Georgeann,Georgeanna,Georgene,Georgetta,Georgette,Georgia,Georgiana,Georgiann,Georgianna,Georgianne,Georgie,Georgina,Georgine,Gerald,Geraldine,Geraldo,Geralyn,Gerard,Gerardo,Gerda,Geremia,Geri,Germain,Germaine,Gerri,Gerry,Gershom,Gerson,Gertha,Gertie,Gertrud,Gertrude,Gertrudis,Gertude,Getachew,Geteye,Geva,Ghada,Ghalib,Ghanashyam,Ghazi,Ghislaine,Gia,Giacobba,Gianna,Gibor,Gideon,Gidget,Gidon,Gigi,Gil,Gilad,Gilana,Gilbert,Gilberte,Gilberto,Gilda,Gillian,Gilma,Gilon,Gina,Ginette,Ginger,Ginny,Gino,Giovanna,Giovanni,Giri,Giridari,Giridhar,Girik,Girilal,Girindra,Giriraj,Girish,Gisa,Gisela,Gisele,Giselle,Gita,Gitel,Giuseppe,Giuseppina,Givon,Gladis,Glady,Gladys,Glayds,Glen,Glenda,Glendora,Glenn,Glenna,Glennie,Glennis,Glinda,Gloria,Glory,Glynda,Glynis,Goel,Gogo,Gokul,Golda,Goldie,Goliat,Goliath,Goma,Gomer,Gonzalo,Gopal,Gopesh,Gopichand,Gorakh,Gordon,Gozol,Grace,Gracia,Gracie,Graciela,Grady,Graham,Graig,Grant,Granville,Gratiana,Grayce,Grazyna,Greg,Gregg,Gregoria,Gregorio,Gregory,Greta,Gretchen,Gretta,Gricelda,Grisel,Griselda,Grover,Guadalupe,Guatam,Gudrun,Guillermina,Guillermo,Gurion,Gurit,Guryon,Gus,Gussie,Gustavo,Guy,Gwen,Gwenda,Gwendolyn,Gwenn,Gwyn,Gwyneth,Habacuc,Habib,Habiba,Habid,Hada,Hadar,Hadara,Hadasa,Hadassah,Hadda,Haddad,Hadeel,Hadi,Hadil,Hadiya,Hae,Hae-won,Hafiz,Hafsa,Hagar,Hagos,Hai,Haidar,Haidee,Haider,Hailey,Hajar,Haji,Hak-kun,Hakeem,Hakim,Hakizimana,Hal,Hala,Haley,Halil,Halim,Halima,Halimah,Halina,Halla,Halle,Halley,Hallie,Ham,Hamal,Hamed,Hamid,Hamir,Hamisi,Hamza,Hamzah,Han,Hana,Hanah,Hanan,Hanbal,Haneen,Hanele,Hang,Hanh,Hani,Hania,Hanif,Hanifa,Hanisi,Hank,Hanna,Hannah,Hannelore,Hanni,Hans,Hansh,Hanuman,Hany,Hao,Hapi,Hapu,Haquicah,Hara,Harb,Hardik,Harekrishna,Harel,Harendra,Haresh,Hari,Haridas,Harigopal,Harihar,Harinarayan,Hariom,Hariprasad,Hariram,Harishankar,Harishchandra,Haritbaran,Harith,Harkrishna,Harlan,Harland,Harley,Harmendra,Harmony,Harold,Haroon,Haroun,Harriet,Harriett,Harriette,Harris,Harrison,Harrod,Harry,Harsh,Harshad,Harshavardhan,Harshil,Harshit,Harshita,Harvey,Hasaan,Hasan,Hasana,Hasanati,Hasani,Hashim,Hasia,Hasin,Hasina,Haskel,Hassan,Hassie,Hastin,Hathor,Hatim,Hattie,Hava,Haviva,Hawa,Haya,Hayat,Haydee,Hayden,Hayfa,Hayley,Haywood,Haytham,Hazel,Hazen,Haziel,He-ping,He-ran,Heath,Heather,Heber,Hector,Hedwig,Hedy,Hee,Hee-young,Heh,Heide,Heidi,Heidy,Heike,Helah,Helaine,Helen,Helena,Helene,Helga,Heli,Helida,Hellen,Heman,Henrietta,Henriette,Henry,Herb,Herbert,Herchel,Heriberto,Herlinda,Herma,Herman,Hermelinda,Hermila,Hermina,Hermine,Herminia,Herschel,Hersh,Hershel,Herta,Hertha,Heru,Hester,Hestia,Hettie,Hezekiah,Hiba,Hibah,Hiedi,Hien,Hilal,Hilaria,Hilario,Hilary,Hilda,Hilde,Hildegard,Hildegarde,Hildred,Hillary,Hillel,Hilma,Hilton,Hinda,Hipolito,Hiram,Hiroko,Hisako,Hoa,Hobert,Hod,Hoda,Hodgson,Holley,Holli,Hollie,Hollis,Holly,Homer,Honey,Horace,Horacio,Hormisdas,Hortencia,Hortense,Hortensia,Horus,Hosea,Hossien,Houston,Howard,Hoyt,Hsiu,Hua,Huang,Huang-fu,Hubert,Hud,Huda,Hue,Huey,Hugh,Hugo,Hui,Hulda,Humam,Humberto,Hung,Hunter,Huong,Husam,Husamettin,Huseina,Hussain,Hussein,Hussien,Hwa,Hwa-young,Hyacinth,Hye,Hyman,Hyo,Hyo-sonn,Hyon,Hyun,Hyun-ae,Hyun-ki,Hyun-ok,Hyun-shik,Ian,Ibrahim,Icess,Ida,Idalia,Idell,Idella,Idi,Idogbe,Idris,Iesha,Ife,Ignacia,Ignacio,Iham,Ihab,Ihit,Ihsan,Ike,Ila,Ilana,Ilda,Ileana,Ileen,Ilene,Iliana,Illa,Ilona,Ilse,Iluminada,Ima,Imad,Iman,Imani,Imaran,Imelda,Imena,Imogene,Imoni,Imran,Imtiaz,In-su,Ina,Inay,Indalecio,Indamira,Indemira,Inder,Indiana,Indira,Indivar,Indrajeet,Indrakanta,Indraneel,Indudhushan,Induhasan,Indukanta,Indulal,Indushekhar,Inell,Ines,Inez,Infan,Inga,Inge,Ingeborg,Inger,Ingrid,Inocencia,Intekhab,Iola,Iona,Ione,Iqbal,Ira,Iraida,Irena,Irene,Irina,Iris,Irma,Irmgard,Irshaad,Irvin,Irving,Irwin,Isa,Isaac,Isabel,Isabell,Isabella,Isabelle,Isadora,Isaiah,Isaias,Isam,Isar,Isaura,Isela,Ishan,Ishaq,Ishmael,Ishwar,Isiah,Isidra,Isidro,Isis,Iskander,Iskinder,Ismael,Ismail,Isobel,Isra,Isreal,Issa,Issac,Iva,Ivan,Ivana,Ivelisse,Ivette,Ivey,Ivonne,Ivory,Ivy,Izetta,Izhar,Izola,Jaafar,Jaali,Jaamini,Jabari,Jabbar,Jabir,Jabril,Jacalyn,Jacelyn,Jacinda,Jacinta,Jacinto,Jack,Jackeline,Jackelyn,Jacki,Jackie,Jacklyn,Jackqueline,Jackson,Jaclyn,Jacob,Jacqualine,Jacque,Jacquelin,Jacqueline,Jacquelyn,Jacquelyne,Jacquelynn,Jacques,Jacquetta,Jacqui,Jacquie,Jacquiline,Jacquline,Jacqulyn,Jada,Jade,Jadwiga,Jae,Jae-hwa,Jag,Jagadbandu,Jagadish,Jaganmay,Jagannath,Jagat,Jagijeevan,Jaha,Jahaira,Jahan,Jahi,Jahleel,Jahlil,Jahllo,Jahmal,Jaichand,Jaidayal,Jaidev,Jaigopal,Jaikrishna,Jaime,Jaimee,Jaimie,Jaimini,Jainarayan,Jaipal,Jairaj,Jaisal,Jaisukh,Jaiwant,Jake,Jakeem,Jala,Jaleel,Jaleesa,Jalendu,Jalil,Jalila,Jalini,Jalisa,Jalisat,Jaliyah,Jama,Jamaal,Jamahl,Jamaine,Jamal,Jamale,Jamall,Jamar,Jamaul,Jame,Jamee,Jameel,Jameela,Jamel,Jamelia,Jamell,James,Jamey,Jami,Jamie,Jamika,Jamil,Jamila,Jamilah,Jamilia,Jamilla,Jamillah,Jamison,Jammie,Jamsheed,Jana,Janae,Janaki,Janan,Janay,Janaya,Janaye,Jane,Janean,Janee,Janeen,Janel,Janell,Janella,Janelle,Janene,Janessa,Janet,Janeth,Janett,Janetta,Janette,Janey,Jani,Janice,Janie,Janiece,Janina,Janine,Janis,Janise,Janita,Jann,Janna,Jannet,Jannette,Jannie,Janyce,Japa,Japendra,Japesh,Jaqueline,Jaquelyn,Jared,Jarita,Jarmal,Jarnila,Jarod,Jarred,Jarrett,Jarrod,Jarvis,Jasbeer,Jasma,Jasmain,Jasmaine,Jasman,Jasmeen,Jasmeet,Jasmin,Jasmina,Jasmine,Jasmyn,Jasmyne,Jason,Jasper,Jassi,Jassmine,Jaswant,Jatinra,Jaunita,Javier,Jawad,Jawara,Jawhar,Jay,Jaya,Jayanti,Jaye,Jayme,Jaymie,Jayna,Jayne,Jayson,Jazman,Jazmen,Jazmin,Jazmine,Jazmyn,Jazmyne,Jazzmen,Jazzmin,Jazzmine,Jazzmyn,Jazzmyne,Jean,Jeana,Jeane,Jeanelle,Jeanene,Jeanett,Jeanetta,Jeanette,Jeanice,Jeanie,Jeanine,Jeanmarie,Jeanna,Jeanne,Jeannetta,Jeannette,Jeannie,Jeannine,Jebrin,Jed,Jedidiah,Jeff,Jefferey,Jefferson,Jeffery,Jeffie,Jeffrey,Jeffry,Jela,Jelani,Jemal,Jemel,Jemila,Jen,Jena,Jenae,Jenay,Jenaya,Jendayi,Jene,Jenee,Jenell,Jenelle,Jenette,Jeneva,Jeni,Jenice,Jenifer,Jeniffer,Jenine,Jenise,Jenna,Jennah,Jennefer,Jennell,Jennette,Jenni,Jennie,Jennifer,Jenniffer,Jennine,Jenny,Jerald,Jeraldine,Jeramy,Jere,Jeremiah,Jeremy,Jeri,Jeric,Jerica,Jericho,Jerick,Jerico,Jerilyn,Jerlene,Jermaine,Jermal,Jermel,Jermell,Jerold,Jerome,Jeromy,Jerrell,Jerri,Jerrica,Jerrie,Jerrod,Jerrold,Jerry,Jesenia,Jesica,Jess,Jesse,Jessenia,Jessi,Jessia,Jessica,Jessie,Jessika,Jestine,Jesus,Jesusa,Jesusita,Jesús,Jetta,Jettie,Jewel,Jewell,Jiao-long,Jibon,Jibril,Jie,Jihad,Jill,Jillian,Jim,Jimell,Jimmie,Jimmy,Jimoh,Jin,Jin-kyong,Jina,Jinan,Jing,Jing-wei,Jinny,Jira,Jivin,Joachim,Joan,Joana,Joane,Joanie,Joann,Joanna,Joanne,Joannie,Joaquin,Joaquina,Jocelyn,Jodee,Jodi,Jodie,Jody,Joe,Joeann,Joel,Joella,Joelle,Joellen,Joesph,Joetta,Joette,Joey,Johana,Johanna,Johanne,John,Johna,Johnathan,Johnathon,Johnetta,Johnette,Johnie,Johnna,Johnnie,Johnny,Johnsie,Johnson,Joi,Joie,Jokia,Jolanda,Joleen,Jolene,Jolie,Joline,Jolyn,Jolynn,Jomo,Jon,Jona,Jonah,Jonas,Jonathan,Jonathon,Jone,Jonell,Jonelle,Jong,Joni,Jonie,Jonna,Jonnie,Jordon,Jorge,Jose,Josef,Josefa,Josefina,Josefine,Joselyn,Joseph,Josephina,Josephine,Josette,Josh,Josha,Joshi,Joshua,Josiah,Josie,Joslyn,Jospeh,Josphine,Josue,Jovan,Jovita,Joy,Joya,Joyce,Joycelyn,Joye,Ju-long,Juan,Juana,Juanita,Jude,Judi,Judie,Judith,Judson,Judy,Jule,Julee,Julene,Jules,Juli,Julia,Julian,Juliana,Juliane,Juliann,Julianna,Julianne,Julie,Julieann,Julienne,Juliet,Julieta,Julietta,Juliette,Julio,Julissa,Julius,Jumaane,Jumah,Jung,Jung-hwa,Junie,Junita,Junko,Justa,Justin,Justina,Justine,Jutta,Kabil,Kacey,Kaci,Kacie,Kacy,Kadar,Kadeejah,Kadeem,Kadeija,Kadeja,Kadejah,Kaden,Kadija,Kadijah,Kadin,Kadir,Kadyn,Kaeden,Kaela,Kahil,Kahla,Kahlil,Kahraman,Kai,Kaiden,Kaila,Kailas,Kailashchandra,Kailashnath,Kairo,Kaisa,Kaitlin,Kaitlyn,Kakar,Kala,Kalah,Kalash,Kale,Kaled,Kalee,Kalei,Kaleigh,Kalen,Kalere,Kaley,Kali,Kalicharan,Kalid,Kalidas,Kalie,Kalil,Kalila,Kalimohan,Kalin,Kalinda,Kalipada,Kaliq,Kaliranjan,Kaliyah,Kalkin,Kalla,Kalley,Kallie,Kallolee,Kally,Kaluwa,Kaly,Kalyan,Kalyca,Kalyn,Kam,Kamal,Kamala,Kamalakar,Kamalesh,Kamalnayan,Kamara,Kamari,Kamaria,Kambod,Kambodi,Kameke,Kamel,Kamesh,Kameshwar,Kami,Kamie,Kamil,Kamila,Kamilah,Kamlapati,Kamod,Kamraj,Kanaan,Kanad,Kanchan,Kandace,Kandi,Kandice,Kandis,Kandra,Kandrapa,Kandy,Kanen,Kanesha,Kang,Kang-dae,Kani,Kania,Kanisha,Kanishka,Kannan,Kantu,Kanu,Kanya,Kaphiri,Kapila,Kapuki,Kara,Karan,Kardal,Kareem,Kareema,Kareen,Karen,Karena,Karey,Kari,Karida,Karie,Karif,Karim,Karima,Karimah,Karin,Karina,Karine,Karisa,Karisma,Karissa,Karl,Karla,Karleen,Karlene,Karly,Karlyn,Karma,Karmen,Karniela,Karol,Karole,Karoline,Karolyn,Karon,Karren,Karri,Karrie,Karry,Karsten,Karu,Karuna,Kary,Karyl,Karyn,Kasandra,Kaseem,Kasey,Kasha,Kasi,Kasib,Kasie,Kasim,Kasper,Kassandra,Kassie,Kate,Kateb,Katelin,Katelyn,Katelynn,Katerine,Kathaleen,Katharina,Katharine,Katharyn,Kathe,Katheleen,Katherin,Katherina,Katherine,Kathern,Katheryn,Kathey,Kathi,Kathie,Kathleen,Kathlene,Kathline,Kathlyn,Kathrin,Kathrine,Kathryn,Kathryne,Kathy,Kathyrn,Kati,Katia,Katie,Katina,Katlyn,Katrice,Katriel,Katrina,Kattie,Katy,Kauther,Kaveh,Kaveri,Kavi,Kavindra,Kavita,Kay,Kayce,Kaycee,Kayden,Kaye,Kayin,Kayla,Kaylah,Kaylea,Kaylee,Kayleen,Kayleigh,Kaylene,Kaylia,Kazemde,Kazuko,Keasha,Keb,Kecia,Kedar,Keeley,Keely,Keena,Keenan,Keera,Keesha,Keiko,Keila,Keilah,Keira,Keisha,Keith,Keitha,Kek,Kela,Keli,Kelile,Kelle,Kellee,Kelley,Kelli,Kellie,Kelly,Kellye,Kelsey,Kelsi,Kelsie,Kelvin,Kemal,Kemberly,Kemo,Ken,Kena,Kenda,Kendal,Kendall,Kendra,Kendrick,Kenene,Keneth,Kenia,Kenisha,Kenna,Kenneth,Kennith,Kenny,Kent,Kenton,Kenya,Kenyatta,Kenyetta,Kera,Kerani,Kerem,Keren,Keri,Kermit,Kerra,Kerri,Kerrie,Kerry,Kerstin,Kesha,Keshia,Kesi,Kesia,Kesin,Ketifa,Keturah,Keva,Keven,Kevin,Keyla,Khadeeja,Khadeja,Khadejah,Khadija,Khadijah,Khaldun,Khaled,Khalia,Khaliah,Khalid,Khalida,Khalil,Khalilah,Khaliq,Khaliyah,Khallid,Khamisi,Khan,Khayla,Khayru,Khepri,Khnum,Khons,Khoury,Khrishna,Kia,Kiah,Kiana,Kiara,Kiera,Kiersten,Kiesha,Kieth,Kiley,Kim,Kimber,Kimberely,Kimberlee,Kimberley,Kimberli,Kimberlie,Kimberly,Kimbery,Kimbra,Kimi,Kimiko,Kina,Kindra,Kinton,Kip,Kira,Kiral,Kiran,Kiranjit,Kiranjot,Kirby,Kiritan,Kirk,Kirsi,Kirsten,Kirstie,Kirstin,Kisha,Kismet,Kistna,Kit,Kito,Kittie,Kitty,Kitwana,Kiyoko,Kizzie,Kizzy,Klara,Koffi,Komal,Kondo,Kong,Korey,Kori,Kortney,Kory,Kosey,Kourtney,Kraig,Kris,Krishna,Krissy,Krista,Kristal,Kristan,Kristeen,Kristel,Kristen,Kristi,Kristian,Kristie,Kristin,Kristina,Kristine,Kristle,Kristofer,Kristopher,Kristy,Kristyn,Krysta,Krystal,Krysten,Krystin,Krystina,Krystle,Krystyna,Kudio,Kulwa,Kum,Kun,Kurt,Kurtis,Kusa,Kwang-sun,Kwashi,Kwau,Kya,Kyah,Kyla,Kyle,Kylee,Kylie,Kym,Kymberly,Kyoko,Kyong,Kyra,Kyubok,Kyung,Kyung-soon,Labib,Lacey,Lachelle,Laci,Lacie,Lacresha,Lacy,Ladawn,Ladonna,Lady,Lael,Laela,Lagan,Lahoma,Lai,Laila,Laine,Lais,Lajila,Lajuana,Lakeesha,Lakeisha,Lakendra,Lakenya,Lakesha,Lakeshia,Lakeya,Lakia,Lakiesha,Lakisha,Lakita,Lakiya,Lakme,Lakshman,Lakya,Lal,Lala,Lalasa,Laleh,Lalit,Lalitkishore,Lalitkumar,Lalitmohan,Lamar,Lambodar,Lamis,Lamonica,Lamont,Lamya,Lan,Lana,Lance,Landon,Lane,Lanell,Lanelle,Lanette,Lang,Lani,Lanie,Lanita,Lankesh,Lannie,Lanny,Lanora,Laquanda,Laquita,Lara,Larae,Laraine,Laree,Larhonda,Larisa,Larissa,Larita,Larmina,Laronda,Larraine,Larry,Larue,Lasandra,Lashanda,Lashandra,Lashaun,Lashaunda,Lashawn,Lashawna,Lashawnda,Lashay,Lashell,Lashon,Lashonda,Lashunda,Lasonya,Latafat,Latanya,Latarsha,Latasha,Latashia,Lateefah,Latesha,Latia,Laticia,Latif,Latifah,Latika,Latina,Latisha,Latonia,Latonya,Latoria,Latosha,Latoya,Latoyia,Latrice,Latricia,Latrina,Latrisha,Lattef,Launa,Laura,Lauralee,Lauran,Laure,Laureen,Laurel,Lauren,Laurena,Laurence,Laurene,Lauretta,Laurette,Lauri,Laurice,Laurie,Laurinda,Laurine,Lauryn,Lav,Lavada,Lavelle,Lavenia,Lavera,Lavern,Laverna,Laverne,Laveta,Lavette,Lavina,Lavinia,Lavon,Lavona,Lavonda,Lavone,Lavonia,Lavonna,Lavonne,Lawana,Lawanda,Lawanna,Lawerence,Lawrence,Layla,Layne,Lazaro,Lea,Leah,Lean,Leana,Leandra,Leandro,Leann,Leanna,Leanne,Leanora,Leatha,Leatrice,Lebna,Lecia,Leda,Lee,Leeann,Leeanna,Leeanne,Leena,Leesa,Lei,Leia,Leida,Leif,Leigh,Leigha,Leighann,Leila,Leilah,Leilani,Leisa,Leisha,Lekisha,Lela,Lelah,Leland,Lelia,Lemuel,Len,Lena,Lenard,Lenita,Lenna,Lennie,Lenny,Lenora,Lenore,Leo,Leola,Leoma,Leon,Leona,Leonard,Leonarda,Leonardo,Leone,Leonel,Leonia,Leonida,Leonie,Leonila,Leonor,Leonora,Leonore,Leontine,Leopoldo,Leora,Leota,Lera,Leroy,Les,Lesa,Lesha,Lesia,Leslee,Lesley,Lesli,Leslie,Lessie,Lester,Leta,Letha,Leticia,Letifa,Letisha,Letitia,Lettie,Letty,Levi,Lewis,Lexie,Leyla,Leyna,Lezlie,Li-hua,Lia,Lian,Liana,Liane,Liang,Lianne,Libbie,Libby,Liberty,Librada,Lida,Lidia,Lien,Lien-hua,Lieselotte,Liesha,Ligia,Lila,Lilah,Lili,Lilia,Lilian,Liliana,Lilith,Lilla,Lilli,Lillia,Lilliam,Lillian,Lilliana,Lillie,Lilly,Lily,Lin,Lina,Lincoln,Linda,Lindsay,Lindsey,Lindsy,Lindy,Linette,Ling,Linh,Linn,Linnea,Linnie,Lino,Linsey,Linu,Linwood,Lionel,Lisa,Lisabeth,Lisandra,Lisbeth,Lise,Lisette,Lisha,Lissa,Lissette,Lita,Livia,Liz,Liza,Lizabeth,Lizbeth,Lizeth,Lizette,Lizzette,Lizzie,Lloyd,Loan,Lochan,Logan,Loida,Lois,Loise,Lokesh,Lola,Lolita,Loma,Lon,Lona,Londa,Loni,Lonna,Lonnie,Lonny,Lora,Loraine,Loralee,Lore,Lorean,Loree,Loreen,Lorelei,Loren,Lorena,Lorene,Lorenza,Lorenzo,Loreta,Loretta,Lorette,Lori,Loria,Loriann,Lorie,Lorilee,Lorina,Lorinda,Lorine,Loris,Lorita,Lorna,Lorraine,Lorretta,Lorri,Lorriane,Lorrie,Lorrine,Lory,Lottie,Lou,Louam,Louann,Louanne,Louella,Louetta,Louie,Louis,Louisa,Louise,Loura,Lourdes,Lourie,Louvenia,Love,Lovella,Lovetta,Lovie,Lowell,Loyce,Loyd,Luana,Luann,Luanna,Luanne,Luba,Lucas,Luci,Lucia,Luciana,Luciano,Lucie,Lucien,Lucienne,Lucila,Lucile,Lucilla,Lucille,Lucina,Lucinda,Lucine,Lucio,Lucius,Lucky,Lucrecia,Lucretia,Lucy,Ludie,Ludivina,Lue,Luella,Luetta,Luigi,Luis,Luisa,Luise,Luke,Lukman,Lula,Lulu,Luna,Lupe,Lupita,Lura,Lurlene,Lurline,Lusila,Lutfi,Luther,Luv,Luvenia,Luz,Luzige,Lyda,Lydia,Lyla,Lyle,Lyman,Lyn,Lynda,Lyndia,Lyndon,Lyndsay,Lyndsey,Lynell,Lynelle,Lynetta,Lynette,Lynn,Lynna,Lynne,Lynnette,Lynsey,Lynwood,Mabel,Mabelle,Mable,Machelle,Machiketa,Macie,Mack,Mackenzie,Macy,Madalene,Madaline,Madalyn,Madangopal,Maddie,Madelaine,Madeleine,Madelene,Madeline,Madelyn,Madge,Madhar,Madhav,Madhavdas,Madhu,Madhubala,Madhuk,Madhukanta,Madhukar,Madhup,Madhur,Madie,Madison,Madlyn,Madni,Madonna,Mae,Maegan,Mafalda,Magali,Magaly,Magan,Magaret,Magda,Magdalen,Magdalena,Magdalene,Magen,Maggie,Magnolia,Maha,Mahala,Mahalia,Mahamat,Mahammed,Mahaniya,Maharene,Mahavir,Mahdi,Mahendra,Maher,Mahesa,Mahesh,Mahin,Mahindra,Mahipal,Mahir,Mahish,Mahmoud,Mahmud,Mahoma,Mahomet,Mahtab,Mai,Maia,Maida,Maile,Maimun,Mainak,Maira,Maire,Maisha,Maisie,Maison,Maja,Majed,Majid,Majidah,Majorie,Makara,Makeda,Makhi,Makin,Malachi,Malaika,Malcolm,Malcom,Malena,Malia,Malik,Malika,Malinda,Malini,Malisa,Malissa,Malka,Mallie,Mallory,Malorie,Malvina,Mamie,Mammie,Man-shik,Man-young,Mana,Manar,Manda,Mandara,Mandi,Mandie,Mandy,Manie,Manisha,Manjot,Mansa,Mansur,Manu,Manuel,Manuela,Manzur,Mao,Maple,Mara,Maragaret,Maragret,Maranda,Marc,Marcel,Marcela,Marcelene,Marcelina,Marceline,Marcelino,Marcell,Marcella,Marcelle,Marcellus,Marcelo,Marcene,Marchelle,Marci,Marcia,Marcie,Marco,Marcos,Marcus,Marcy,Mardell,Mardonio,Maren,Marg,Margaret,Margareta,Margarete,Margarett,Margaretta,Margarette,Margarita,Margarite,Margarito,Margart,Marge,Margene,Margeret,Margert,Margery,Marget,Margherita,Margie,Margit,Margo,Margorie,Margot,Margret,Margrett,Marguerita,Marguerite,Margurite,Margus,Margy,Marhta,Mari,Maria,Mariah,Mariam,Marian,Mariana,Marianela,Mariann,Marianna,Marianne,Mariano,Maribel,Maribeth,Marica,Maricela,Maricruz,Marid,Marie,Mariel,Mariela,Mariella,Marielle,Marietta,Mariette,Mariko,Marilee,Marilou,Marilu,Marilyn,Marilynn,Marin,Marina,Marinda,Marine,Marini,Mario,Marion,Maris,Marisa,Marisela,Marisha,Marisol,Marissa,Marita,Maritsa,Maritza,Marivel,Mariya,Mariyah,Mariyan,Marjan,Marjani,Marjorie,Marjory,Mark,Marketta,Markita,Markus,Marla,Marlana,Marleen,Marlen,Marlena,Marlene,Marlin,Marline,Marlo,Marlon,Marlyn,Marlys,Marna,Marni,Marnie,Marquerite,Marquetta,Marquis,Marquita,Marquitta,Marr,Marry,Marsha,Marshall,Marta,Marth,Martha,Marti,Martin,Martina,Martine,Martiza,Marty,Marut,Marva,Marvel,Marvella,Marvin,Marvis,Marwan,Marx,Mary,Marya,Maryah,Maryalice,Maryam,Maryann,Maryanna,Maryanne,Marybelle,Marybeth,Maryellen,Maryetta,Maryjane,Maryjo,Maryland,Marylee,Marylin,Maryln,Marylou,Marylouise,Marylyn,Marylynn,Maryrose,Masako,Mashavu,Mashika,Maskini,Mason,Masud,Matha,Mathew,Mathilda,Mathilde,Matilda,Matilde,Matrika,Matsimela,Matt,Matthew,Mattie,Maud,Maude,Maudie,Maura,Maureen,Maurice,Mauricio,Maurine,Maurita,Mauro,Mavis,Mawusi,Max,Maxie,Maxima,Maximina,Maximo,Maxine,Maxwell,Maya,Mayah,Maybell,Maybelle,Maye,Mayme,Maynard,Mayola,Mayon,Mayra,Maysa,Maysun,Mazie,Mazin,Mbita,Mbizi,Mbwana,Mckenzie,Mckinley,Meagan,Meaghan,Mechelle,Meda,Medina,Mee,Mee-kyong,Mee-yon,Meena,Meg,Megan,Meggan,Meghan,Meghann,Mehadi,Mehmet,Mehri,Mei,Mei-hua,Mei-lien,Mei-xing,Mei-zhen,Mel,Mela,Melaine,Melani,Melania,Melanie,Melany,Melba,Melda,Melesse,Melia,Melida,Melina,Melinda,Melisa,Melissa,Melissia,Melita,Mellie,Mellisa,Mellissa,Melodee,Melodi,Melodie,Melody,Melonie,Melony,Melva,Melvin,Melvina,Melynda,Memphis,Mendy,Menes,Mengesha,Mercedes,Mercedez,Mercy,Meredith,Meri,Meria,Meriah,Merideth,Meridith,Merilyn,Merissa,Merle,Merlene,Merlin,Merlyn,Merna,Merri,Merrie,Merrilee,Merrill,Merry,Mertie,Mervin,Meryl,Mesha,Meshal,Mesi,Meskhenet,Messiah,Messina,Mesut,Meta,Mhina,Mi-cha,Mi-hi,Mi-ok,Mia,Mica,Micaela,Micah,Micha,Michael,Michaela,Michaele,Michal,Michale,Micheal,Michel,Michele,Michelina,Micheline,Michell,Michelle,Michiko,Mickey,Micki,Mickie,Miesha,Migdalia,Mignon,Miguel,Miguelina,Mika,Mikaela,Mike,Mikel,Miki,Mikki,Mila,Milagro,Milagros,Milan,Milda,Mildred,Miles,Milford,Milissa,Millard,Millicent,Millie,Milly,Milo,Milton,Mimi,Min,Mina,Minda,Mindi,Mindy,Minerva,Ming,Ming-hoa,Minh,Minna,Minnie,Minta,Miquel,Mira,Miranda,Mireille,Mirko,Mirella,Mireya,Miriam,Mirian,Mirna,Mirta,Mirtha,Mirza,Misha,Miss,Missy,Misti,Mistie,Misty,Mitch,Mitchel,Mitchell,Mitra,Mitsue,Mitsuko,Mittie,Mitzi,Mitzie,Miyoko,Mocha,Modesta,Modesto,Mohamad,Mohamed,Mohamet,Mohammad,Mohammed,Mohamud,Mohan,Mohmed,Moira,Moises,Moiz,Mollie,Molly,Momtaz,Mona,Monet,Monica,Monika,Monique,Monnie,Monroe,Monserrate,Monte,Monty,Moon,Mora,Morgan,Moriah,Morowa,Morris,Morton,Mose,Mosegi,Moses,Moshe,Mosi,Moswen,Mouhamed,Mouna,Mousa,Mozell,Mozella,Mozelle,Msamaki,Mucamutara,Muhamed,Muhammad,Muhammed,Mui,Mukhtar,Mukhwana,Mun-hee,Muoi,Murali,Murat,Muriel,Murray,Musa,Mustafa,Mwanawa,Myesha,Myles,Myong,Myra,Myriam,Myrl,Myrle,Myrna,Myron,Myrta,Myrtice,Myrtie,Myrtis,Myrtle,Myung,Myung-dae,Myung-hee,Myung-ok,Nabarun,Nabeel,Nabendu,Nabhi,Nada,Nadene,Nadia,Nadine,Nadisu,Nagendra,Nagesh,Nahid,Nahusha,Naida,Naima,Nairit,Nakesha,Nakia,Nakisha,Nakita,Nakshatra,Nalin,Nam,Namdev,Nan,Nana,Nanak,Nancee,Nancey,Nanci,Nancie,Nancy,Nand,Nandi,Nanette,Nannette,Nannie,Nanyamka,Naoma,Naomi,Naotau,Napoleon,Narahari,Narain,Narasimha,Narcisa,Nard,Narendra,Naresh,Narmada,Narmer,Narses,Nash,Nasim,Nasser,Natacha,Natalia,Natalie,Natalya,Natasha,Natashia,Natesa,Natesh,Nathalie,Nathan,Nathanael,Nathanial,Nathaniel,Nathifa,Natisha,Natividad,Natosha,Natwar,Naunet,Navaneet,Naveen,Naveena,Navin,Navrang,Navroz,Nawaz,Nayan,Neal,Nebthet,Necole,Ned,Neda,Nedra,Neelam,Neelambar,Neely,Neema,Nefertari,Nefertum,Neha,Nehru,Neida,Neil,Nelda,Nelia,Nelida,Nell,Nella,Nelle,Nellie,Nelly,Nelson,Nen,Nena,Nenet,Nenita,Neoma,Neomi,Nephthys,Nereida,Nerissa,Nery,Nestor,Neta,Nettie,Neva,Nevada,Neville,Newton,Neylan,Nga,Ngan,Ngoc,Nguyet,Nia,Nichelle,Nichol,Nicholas,Nichole,Nicholle,Nick,Nicki,Nickie,Nickolas,Nickole,Nicky,Nicol,Nicola,Nicolas,Nicolasa,Nicole,Nicolette,Nicolle,Nida,Nidia,Niesha,Nieves,Nigel,Nikhil,Niki,Nikia,Nikita,Nikki,Nikole,Nila,Nilda,Nilsa,Nina,Ninfa,Nirveli,Nisha,Nita,Nitara,Niu,Nizar,Nkosi,Noah,Noble,Nobuko,Noe,Noel,Noelia,Noella,Noelle,Noemi,Nohemi,Nola,Nolan,Noma,Nomalanga,Nona,Nora,Norah,Norbert,Norberto,Noreen,Norene,Noriko,Norine,Norma,Norman,Normand,Norris,Nova,Novella,Nubia,Nun,Nuru,Nwa,Nwake,Nydia,Nyla,Obdulia,Ocie,Octavia,Octavio,Oda,Ode,Odelia,Odell,Odessa,Odette,Odilia,Odis,Ofelia,Ogbay,Ogun,Ohannes,Ohin,Ojas,Ola,Olen,Olene,Oleta,Olevia,Olga,Olimpia,Olin,Olinda,Oliva,Olive,Oliver,Olivia,Ollie,Olympia,Oma,Omar,Omari,Omarion,Omega,Omer,Omja,Omkar,Omprakash,Omrao,Omswaroop,Ona,Onan,Onani,Oneida,Onfalia,Onie,Onita,Onkar,Onur,Opal,Opalina,Ophelia,Ora,Oralee,Oralia,Oren,Oretha,Orlando,Oroncio,Orpha,Orval,Orville,Oscar,Osiris,Osman,Ossie,Osvaldo,Oswaldo,Otelia,Otha,Otilia,Otis,Ottah,Ottmar,Otto,Oubastet,Ouida,Owen,Ozell,Ozella,Ozie,Ozturk,Paavan,Pablo,Padma,Padman,Paige,Paka,Paki,Palak,Palash,Palasharajan,Pallab,Palma,Palmer,Palmira,Pam,Pamala,Pamela,Pamelia,Pamella,Pamila,Pamula,Panchanan,Pandita,Pandora,Panini,Pankaj,Pannalal,Pansy,Panya,Paola,Paolo,Paradise,Parag,Parakram,Param,Paramananda,Paramesh,Paramhansa,Parashar,Paresh,Pari,Parker,Parthenia,Particia,Parveen,Parveneh,Pasquale,Pasty,Pasua,Pat,Patience,Patria,Patrica,Patrice,Patricia,Patrick,Patrina,Patsy,Patti,Pattie,Patty,Paul,Paula,Paulene,Pauletta,Paulette,Paulina,Pauline,Paulita,Pavit,Payal,Paz,Pearle,Pearlene,Pearlie,Pearline,Pearly,Pedro,Peg,Peggie,Peggy,Pei,Penda,Penelope,Penney,Penni,Pennie,Penny,Percy,Perla,Perry,Pete,Peter,Petra,Petrina,Petronila,Phebe,Phil,Philip,Phillip,Phillis,Philomena,Phoebe,Phung,Phuong,Phylicia,Phylis,Phyliss,Phyllis,Pia,Piao,Piedad,Pierre,Pilar,Pili,Pinchas,Ping,Pinkie,Piper,Pok,Polly,Poni,Pooja,Poonam,Porfirio,Porsche,Porsha,Porter,Portia,Pramad,Pranav,Pravin,Precious,Prem,Preston,Pricilla,Priscila,Priscilla,Priya,Providencia,Prudence,Ptah,Puja,Pura,Purdy,Qadesh,Qeb,Qiana,Qimat,Qing-nian,Queen,Queenie,Quentin,Quiana,Quincy,Quinn,Quintin,Quinton,Quisa,Quon,Qutub,Quyen,Rachael,Rachal,Racheal,Rachel,Rachele,Rachell,Rachelle,Racquel,Radheshyam,Radhika,Radhiya,Rae,Raeann,Raelene,Rafael,Rafaela,Rafat,Raghav,Raghuvir,Raguel,Rahas,Raina,Raisa,Rajah,Rajak,Rajam,Rajan,Rajani,Rajarshi,Rajas,Rajat,Rajdulari,Rajendra,Rajesh,Rajit,Rajrishi,Raktim,Raleigh,Ralph,Rama,Ramanan,Ramanand,Rami,Ramiro,Ramla,Ramlal,Ramon,Ramona,Ramonita,Ramy,Ramya,Rana,Ranae,Randa,Randal,Randall,Randee,Randell,Randi,Randolph,Randy,Ranee,Ranjan,Raphael,Raquel,Rashad,Rasheda,Rasheeda,Rashida,Rashidi,Ratri,Raul,Raven,Ravi,Ray,Raye,Rayford,Raylene,Raymon,Raymond,Raymonde,Raymundo,Rayna,Raziya,Rea,Reagan,Reanna,Reatha,Reba,Rebbeca,Rebbecca,Rebeca,Rebecca,Rebecka,Rebekah,Reda,Reed,Reena,Refugia,Refugio,Regan,Regena,Regenia,Reggie,Regina,Reginald,Regine,Reginia,Rehema,Reid,Reiko,Reina,Reinaldo,Reita,Rekha,Rema,Remedios,Remona,Rena,Renae,Renaldo,Renata,Renate,Renato,Renay,Renda,Rene,Renea,Renee,Renetta,Renita,Renna,Ressie,Reta,Retha,Retta,Reuben,Reva,Rex,Rey,Reyes,Reyna,Reynalda,Reynaldo,Rhea,Rheba,Rhett,Rhiannon,Rhoda,Rhona,Rhonda,Ria,Ricarda,Ricardo,Rich,Richard,Richelle,Richie,Rick,Rickey,Ricki,Rickie,Ricky,Rico,Rigoberto,Rikki,Riley,Rima,Rina,Risa,Rishi,Rita,Riva,Rivka,Rizwan,Rob,Robbi,Robbie,Robbin,Robby,Robbyn,Robena,Robert,Roberta,Roberto,Robin,Robt,Robyn,Rocco,Rochel,Rochell,Rochelle,Rocio,Rocky,Rod,Roderick,Rodger,Rodney,Rodolfo,Rodrick,Rodrigo,Rogelio,Roger,Rohan,Rohana,Rohin,Rohini,Rohit,Roland,Rolanda,Rolande,Rolando,Rolf,Rolland,Roma,Romaine,Roman,Romana,Romelia,Romeo,Romona,Ron,Rona,Ronald,Ronda,Roni,Ronna,Ronni,Ronnie,Ronny,Roosevelt,Rory,Rosa,Rosalba,Rosalee,Rosalia,Rosalie,Rosalina,Rosalind,Rosalinda,Rosaline,Rosalva,Rosalyn,Rosamaria,Rosamond,Rosana,Rosann,Rosanna,Rosanne,Rosaria,Rosario,Rosaura,Roscoe,Rose,Roseann,Roseanna,Roseanne,Roselee,Roselia,Roseline,Rosella,Roselle,Roselyn,Rosemarie,Rosemary,Rosena,Rosenda,Rosendo,Rosetta,Rosette,Roshni,Rosia,Rosie,Rosina,Rosio,Rosita,Roslyn,Ross,Rossana,Rossie,Rosy,Rowena,Roxana,Roxane,Roxann,Roxanna,Roxanne,Roxie,Roxy,Roy,Royce,Rozanne,Rozella,Ruben,Rubi,Rubie,Rubin,Ruby,Rubye,Ruchi,Rudo,Rudolf,Rudolph,Rudra,Rudy,Rueben,Rufina,Rufus,Rukiya,Runihura,Rupert,Russ,Russel,Russell,Rusty,Ruth,Rutha,Ruthann,Ruthanne,Ruthe,Ruthie,Ryan,Ryann,Saa,Saad,Saada,Sabina,Sabine,Sabra,Sabrina,Sacha,Sachet,Sachetan,Sachiko,Sachin,Sachit,Sadaf,Sadashiva,Sade,Sadeepan,Sadhana,Sadie,Sadira,Sadye,Safari,Sagar,Sagara,Sage,Sagun,Sahaj,Sahas,Sahen,Sahib,Sahir,Saif,Sainath,Saipraasad,Sajag,Sajal,Sajan,Saka,Sakari,Saket,Sakina,Sakti,Sal,Sala,Salama,Salarjung,Salena,Salene,Salih,Salil,Salina,Salley,Sallie,Sally,Salma,Salmalin,Salome,Salvador,Salvatore,Sam,Samantha,Samar,Samara,Samarendra,Samarendu,Samarth,Samatha,Sameera,Sameh,Samella,Samir,Samira,Sammie,Sammy,Samual,Samuel,Sana,Sanaa,Sanat,Sanda,Sandee,Sandi,Sandie,Sandra,Sandy,Sanford,Sang,Sang-ook,Sani,Sanjuana,Sanjuanita,Sankar,Sanora,Santa,Santana,Santiago,Santina,Santo,Santos,Santosh,Sanura,Sara,Sarad,Sarah,Sarai,Saran,Sargon,Sari,Sarik,Sarila,Sarina,Sarita,Sarngin,Sarojin,Sasha,Saturnina,Sau,Sauda,Saul,Saundra,Saura,Savanna,Savannah,Scarlet,Scarlett,Scot,Scott,Scottie,Scotty,Sean,Season,Seb,Sebastian,Seble,Sebrina,Seema,Sef,Sefu,Sejal,Sekani,Selam,Selena,Selene,Selina,Selma,Sema,Sena,Senaida,Sendilkumay,Sener,Senwe,Serafina,Serena,Sergio,Serina,Serita,Seth,Sethos,Setsuko,Sevilen,Seymour,Sha,Shabaka,Shad,Shae,Shafira,Shah,Shahid,Shaina,Shakia,Shakima,Shakira,Shakita,Shakti,Shala,Shalanda,Shalon,Shalonda,Shalya,Shameka,Shamika,Shams,Shamz,Shan,Shana,Shanae,Shanda,Shandi,Shandra,Shane,Shanee,Shaneka,Shanel,Shanell,Shanelle,Shani,Shanice,Shanie,Shanika,Shaniqua,Shanita,Shanna,Shannan,Shannon,Shanny,Shanon,Shanta,Shantae,Shantay,Shante,Shantel,Shantell,Shantelle,Shanti,Shany,Shaquana,Shaquita,Shara,Sharan,Sharda,Sharee,Sharell,Sharen,Shari,Sharice,Sharie,Sharifa,Sharik,Sharika,Sharilyn,Sharita,Sharla,Sharleen,Sharlene,Sharmaine,Sharolyn,Sharon,Sharonda,Sharri,Sharron,Sharyl,Sharyn,Shasta,Shatara,Shaun,Shauna,Shaunda,Shaunna,Shaunta,Shaunte,Shavon,Shavonda,Shavonne,Shawana,Shawanda,Shawanna,Shawn,Shawna,Shawnda,Shawnee,Shawnna,Shawnta,Shay,Shayla,Shayna,Shayne,Shea,Sheba,Sheena,Sheila,Sheilah,Shela,Shelba,Shelby,Sheldon,Shelia,Shella,Shelley,Shelli,Shellie,Shelly,Shelton,Shemeka,Shemika,Shen,Shena,Sheng,Sheng-li,Shenika,Shenita,Shenna,Shera,Sheree,Sherell,Sheri,Sherice,Sheridan,Sherie,Sherika,Sherill,Sherilyn,Sherise,Sherita,Sherlene,Sherley,Sherly,Sherlyn,Sherman,Sheron,Sherrell,Sherri,Sherrie,Sherril,Sherrill,Sherron,Sherry,Sherryl,Sherwood,Shery,Sheryl,Sheryll,Shiela,Shila,Shiloh,Shilpa,Shin,Shira,Shirely,Shirin,Shirl,Shirlee,Shirleen,Shirlene,Shirley,Shirly,Shiva,Shivani,Shizue,Shizuko,Shon,Shona,Shonda,Shondra,Shonna,Shonta,Shoshana,Shreya,Shu,Shukura,Shyla,Sibyl,Sid,Sidney,Sierra,Signe,Sigrid,Siko,Silas,Silva,Silvana,Silvestro,Silvia,Sima,Simba,Simon,Simona,Simone,Simonne,Sina,Sindy,Singh,Siobhan,Sirena,Sita,Siti,Siu,Siva,Siwatu,Sixta,Skye,Slyvia,Socorro,Sofia,Sohrab,Soila,Sol,Solange,Soledad,Solomon,Somer,Sommer,Son,Sona,Sondra,Song,Sonia,Sonja,Sonny,Sonu,Sonya,Soo,Sook,Sook-joo,Soon-bok,Sophia,Sophie,Soraya,Soroush,Souzan,Sparkle,Spencer,Stacee,Stacey,Staci,Stacia,Stacie,Stacy,Stan,Stanford,Stanley,Stanton,Starla,Starr,Stasia,Stefan,Stefani,Stefania,Stefanie,Stefany,Steffanie,Stella,Stepanie,Stephaine,Stephan,Stephane,Stephani,Stephania,Stephanie,Stephany,Stephen,Stephenie,Stephine,Stephnie,Sterling,Steve,Steven,Stevie,Stewart,Stormy,Stuart,Suanne,Subira,Suck-chin,Sudi,Sudie,Sue,Sueann,Suellen,Suhuba,Suk,Sukru,Sulema,Sultan,Sumati,Sumiko,Sun,Sun-hi,Sunday,Sundeep,Sung,Sunni,Sunny,Sunreep,Sunshine,Susan,Susana,Susann,Susanna,Susannah,Susanne,Susie,Susy,Suzan,Suzann,Suzanna,Suzanne,Suzette,Suzi,Suzie,Suzy,Svetlana,Sybil,Syble,Syed,Sylvester,Sylvia,Sylvie,Synthia,Syreeta,Tabatha,Tabea,Tabetha,Tabia,Tabib,Tabitha,Tabor,Tad,Tafne,Taha,Tahir,Tai,Taija,Taina,Taisha,Taizeen,Taja,Tajah,Tajdar,Tajuana,Takako,Takisha,Talan,Talat,Talia,Talisha,Talitha,Talleen,Tallis,Tam,Tama,Tamal,Tamala,Tamanna,Tamar,Tamara,Tamatha,Tambo,Tambra,Tameika,Tameka,Tamekia,Tamela,Tamera,Tamesha,Tami,Tamica,Tamie,Tamika,Tamiko,Tamisha,Tamkinat,Tammara,Tammera,Tammi,Tammie,Tammy,Tamonash,Tamra,Tana,Tanay,Tandra,Tandy,Taneka,Tanesha,Tangela,Tania,Tanika,Tanisha,Tanja,Tanna,Tanner,Tanuj,Tanveer,Tanya,Tapas,Tapasendra,Tapomay,Tara,Tarachand,Tarah,Taraknath,Taral,Taraneh,Taranga,Taraprashad,Taren,Tari,Tarika,Tariq,Tarit,Tarra,Tarsha,Taruntapan,Taryn,Taseem,Tasha,Tashia,Tashina,Tasia,Tathagata,Tatiana,Tatum,Tatyana,Taunya,Tausiq,Tawana,Tawanda,Tawanna,Tawia,Tawna,Tawny,Tawnya,Tayib,Taylor,Tayna,Ted,Teddy,Teena,Teerthankar,Tefere,Tegan,Tehuti,Tehya,Teisha,Tekle,Telma,Tembo,Temeka,Temika,Tempie,Temple,Tena,Tenesha,Tenisha,Tennie,Tennille,Teodora,Teodoro,Teofila,Tequila,Tera,Tereasa,Terence,Teresa,Terese,Teresia,Teresita,Teressa,Teri,Terica,Terina,Terisa,Terra,Terrance,Terrell,Terrence,Terresa,Terri,Terrie,Terrilyn,Terry,Tesha,Tess,Tessa,Tessie,Tetsuo,Thad,Thaddeus,Thalia,Thaman,Thanh,Thao,Thea,Theda,Thelma,Thema,Themba,Theo,Theodora,Theodore,Theola,Theresa,Therese,Theresia,Theressa,Theron,Thersa,Thi,Thomas,Thomasena,Thomasina,Thomasine,Thora,Thresa,Thu,Thurman,Thuy,Tia,Tiana,Tianna,Tiara,Tien,Tiera,Tierra,Tiesha,Tifany,Tiffaney,Tiffani,Tiffanie,Tiffany,Tiffiny,Tijuana,Tilda,Tillie,Tim,Timika,Timmy,Timothy,Tina,Tinisha,Tiny,Tira,Tirtha,Tisa,Tish,Tisha,Titus,Tobi,Tobias,Tobie,Toby,Toccara,Tod,Todd,Toi,Tom,Tomas,Tomasa,Tomeka,Tomi,Tomika,Tomiko,Tommie,Tommy,Tommye,Tomoko,Tona,Tonda,Tonette,Toney,Toni,Tonia,Tonie,Tonisha,Tonita,Tonja,Tony,Tonya,Tora,Tori,Torie,Torri,Torrie,Tory,Tosha,Toshia,Toshiko,Tova,Towanda,Toya,Tracee,Tracey,Traci,Tracie,Tracy,Tran,Trang,Travis,Treasa,Treena,Trena,Trent,Trenton,Tresa,Tressa,Tressie,Treva,Trevor,Trey,Tricia,Trina,Trinh,Trinidad,Trinity,Trish,Trisha,Trista,Tristan,Troilo,Troy,Trudi,Trudie,Trudy,Trula,Truman,Tsekani,Tuan,Tuhina,Tula,Tulinagwe,Tung,Tuyet,Twana,Twanda,Twanna,Twila,Twyla,Tyesha,Tyisha,Tyler,Tynisha,Tyra,Tyree,Tyrell,Tyron,Tyrone,Tyson,Udar,Udavan,Udayachal,Uddhar,Uddhav,Udyam,Udyan,Ufa,Ujala,Ula,Ulan,Ulhas,Ulrike,Ultman,Ulysses,Uma,Umakant,Umanand,Umanant,Umaprasad,Umashankar,Umay,Umed,Umesh,Umit,Umrao,Una,Uner,Unmesh,Unnat,Upagupta,Upamanyu,Upendra,Ursula,Urvil,Usha,Usman,Ute,Vachal,Vachya,Vada,Vadin,Vaibhav,Vajra,Vajrapani,Val,Valarie,Valathappan,Valda,Valencia,Valene,Valentin,Valentina,Valentine,Valeri,Valeria,Valerie,Valery,Valin,Vallabh,Vallie,Valmik,Valmiki,Valorie,Valrie,Vaman,Van,Vanajit,Vance,Vanda,Vandan,Vandani,Vanesa,Vanessa,Vanetta,Vani,Vania,Vanita,Vanna,Vannesa,Vannessa,Varana,Varen,Varij,Varil,Varindra,Varun,Vashti,Vasiliki,Vasin,Vasistha,Vassy,Vasudev,Vasudha,Vatsal,Vaughn,Veda,Vedanga,Veera,Velda,Velia,Vella,Velma,Velva,Velvet,Vena,Venecia,Venessa,Venetta,Veni,Venice,Venita,Venkat,Vennie,Venus,Veola,Vera,Verda,Verdell,Verdie,Verena,Vergie,Verla,Verlene,Verlie,Verline,Vern,Verna,Vernell,Vernetta,Vernia,Vernice,Vernie,Vernita,Vernon,Veronica,Veronika,Veronique,Versie,Vertie,Vesta,Veta,Vicenta,Vicente,Vickey,Vicki,Vickie,Vicky,Victor,Victoria,Victorina,Vida,Vidur,Vijai,Vijay,Vikas,Viki,Vikki,Vikram,Vikrant,Vilma,Vimal,Vina,Vinay,Vince,Vincent,Vincenza,Vincenzo,Vinita,Vinnie,Vinod,Viola,Violet,Violeta,Violette,Vipul,Viraj,Virat,Virgen,Virgie,Virgil,Virgilio,Virgina,Virginia,Vishal,Vishnu,Vita,Vito,Viva,Vivan,Vivek,Vivian,Viviana,Vivien,Vivienne,Von,Voncile,Vonda,Vonnie,Vyona,Wade,Wahab,Wai,Wajidali,Waldo,Waleed,Walid,Walker,Wallace,Wally,Walter,Walton,Waltraud,Wan,Wanda,Waneta,Wanetta,Wanita,Warner,Warren,Waseme,Wasi,Wava,Waylon,Wayne,Wei,Weldon,Wen,Wendell,Wendi,Wendie,Wendolyn,Wendy,Wenona,Werner,Wes,Wesley,Weston,Whitley,Whitney,Wilber,Wilbert,Wilbur,Wilburn,Wilda,Wiley,Wilford,Wilfred,Wilfredo,Wilhelmina,Wilhemina,Willa,Willard,Willena,Willene,Willetta,Willette,Willia,William,Williams,Willian,Willie,Williemae,Willis,Willodean,Willow,Willy,Wilma,Wilmer,Wilson,Wilton,Winda,Windy,Winford,Winfred,Winifred,Winna,Winnie,Winnifred,Winona,Winston,Won-shik,Wonda,Woodrow,Wyatt,Wynell,Wynona,Xavier,Xenia,Xerxes,Xi-wang,Xiao,Xiao-niao,Xiao-xing,Xiaoping,Xin,Xing-fu,Xiomara,Xochitl,Xuan,Xun,Yadav,Yadavendra,Yadira,Yaeko,Yael,Yagna,Yahaira,Yahir,Yahyaa,Yaj,Yajaira,Yajat,Yajnadhar,Yajnesh,Yamahil,Yamajit,Yaman,Yamir,Yamuna,Yan,Yang,Yanira,Yara,Yasaar,Yasemin,Yaser,Yash,Yashas,Yashodev,Yashodhan,Yashodhara,Yashpal,Yashwant,Yasmeen,Yasmen,Yasmin,Yasmina,Yasmine,Yasuko,Yatin,Yatindra,Yatish,Yazmin,Yazmine,Yee,Yeeseen,Yegane,Yelena,Yen,Yer,Yesenia,Yesim,Yessenia,Yetta,Yevette,Yiesha,Yildiz,Yin,Ying,Yogesh,Yogeswaran,Yoko,Yolanda,Yolande,Yolando,Yolonda,Yon,Yong,Yoshie,Yoshiko,Youlanda,Young,Young-il,Young-jae,Young-soo,Youssof,Youssuf,Yuan,Yue,Yuette,Yuk,Yuki,Yukiko,Yuko,Yulanda,Yun,Yun-qi,Yung,Yunus,Yuonne,Yurcel,Yuri,Yuriko,Yusuf,Yvette,Yvone,Yvonne,Zachariah,Zachary,Zachery,Zack,Zackary,Zada,Zahara,Zaheer,Zahid,Zahra,Zahur,Zaida,Zainab,Zainabu,Zaire,Zakia,Zalika,Zan,Zana,Zandra,Zane,Zavier,Zawadi,Zawati,Zaynab,Zeheb,Zeina,Zeki,Zelda,Zella,Zelma,Zena,Zenaida,Zenda,Zenia,Zenobia,Zerdali,Zerrin,Zetta,Zhen,Zhi,Zhong,Zhu,Zhuang,Zhuo,Zina,Zishan,Zita,Zoe,Zofia,Zohreh,Zoila,Zola,Zona,Zonia,Zora,Zoraida,Zubair,Zuberi,Zula,Zulema,Zulma,Zuri,Zuwena